Data,Otwarcie,Najwyzszy,Najnizszy,Zamkniecie,Wolumen
2019-01-22,38.6424,38.7604,36.618,36.9208,66643407.156883
2019-01-23,37.4744,38.3607,36.7369,37.0497,59538427.996108
2019-01-24,37.896,39.3469,37.8491,39.1701,71420357.717996
2019-01-25,38.5744,39.9215,37.5463,39.7436,116374888.70567
2019-01-28,33.888,35.1542,32.5091,34.2498,253006496.42121
2019-01-29,33.7883,34.2718,32.5121,32.654,116245134.57431
2019-01-30,33.4204,34.2398,32.6191,34.095,98142056.933331
2019-01-31,34.062,36.0305,33.845,35.6738,84907476.794769
2019-02-01,35.8605,36.4302,35.3889,35.9185,62966057.684299
2019-02-04,36.0765,37.3944,35.8565,37.0237,53250236.856403
2019-02-05,37.1426,37.5793,36.8049,37.2145,54642877.825617
2019-02-06,37.5443,38.6144,37.4924,37.972,70765093.099823
2019-02-07,37.5064,37.5263,36.1564,36.586,64182274.866814
2019-02-08,35.9135,36.8778,35.7686,36.7719,46501270.687385
2019-02-11,36.3302,36.8738,35.8605,36.3462,49883565.74019
2019-02-12,36.7289,37.6722,36.586,37.5163,59542324.973375
2019-02-13,37.8121,38.6724,37.6742,37.942,60984043.437495
2019-02-14,37.932,38.6304,37.4994,38.3477,83336917.897344
2019-02-15,40.4361,40.6659,38.8204,39.0441,152794491.0599
2019-02-19,38.9402,39.6796,38.7504,38.8723,55596626.483778
2019-02-20,39.1641,40.0164,39.0521,39.3469,54498265.34256
2019-02-21,39.4739,39.7196,38.5106,38.6574,45185751.63885
2019-02-22,39.1741,39.6936,39.0371,39.5068,40470661.338598
2019-02-25,40.3392,41.0156,39.2939,39.3819,66086145.412306
2019-02-26,39.3339,39.8915,38.6524,38.9842,49206827.716465
2019-02-27,38.8424,39.1071,37.999,38.5674,50394772.298885
2019-02-28,38.5046,38.7304,38.0989,38.3207,32700407.912339
2019-03-01,38.8224,39.2869,38.2347,38.8643,35945315.001579
2019-03-04,39.25,39.4798,38.3807,38.9472,41259103.70376
2019-03-05,38.7924,39.264,38.2447,38.8823,36522722.13711
2019-03-06,38.7944,38.8773,37.7461,37.7741,40608605.727271
2019-03-07,37.5363,37.6342,36.618,37.0797,45296084.932814
2019-03-08,36.1862,37.5293,35.9705,37.4244,42509467.974441
2019-03-11,37.6592,40.2592,37.1865,40.0294,86518015.236322
2019-03-12,40.3092,40.8389,39.5467,40.3712,58325163.069099
2019-03-13,40.7489,42.1838,40.6729,41.8889,77377869.220475
2019-03-14,41.9809,42.1008,41.0506,41.1286,52268026.453642
2019-03-15,41.5592,42.6094,41.5243,42.1868,66565566.687239
2019-03-18,42.4975,43.0391,41.6991,41.9709,49008271.02036
2019-03-19,42.9171,44.0953,42.7474,43.6546,86039647.766491
2019-03-20,43.9444,44.477,42.9771,43.3268,72371099.078602
2019-03-21,43.5588,45.9598,43.5088,45.698,82954014.361375
2019-03-22,45.4353,45.91,43.9584,44.0953,75238662.879868
2019-03-25,43.6916,44.3331,42.5055,43.1721,52854403.442088
2019-03-26,44.5899,45.1534,43.3768,43.9414,70797022.493684
2019-03-27,44.1953,44.6629,43.1521,43.8485,47738121.633969
2019-03-28,44.1073,44.6928,43.5048,44.0333,48331088.657161
2019-03-29,44.7028,44.8527,44.1973,44.6099,45979374.962232
2019-04-01,45.5313,45.5881,44.8127,45.2853,48689396.402094
2019-04-02,45.5283,45.907,45.0956,45.4653,44371714.719604
2019-04-03,45.9598,47.4458,45.91,46.8532,79378284.525575
2019-04-04,46.7013,47.1889,46.1417,46.7662,46027833.98463
2019-04-05,47.1959,47.6085,46.8332,47.4328,48480222.594581
2019-04-08,47.1259,47.8954,46.8862,47.6425,42688505.758217
2019-04-09,47.3058,47.4188,46.5914,47.0131,44276406.905015
2019-04-10,47.0061,47.9783,46.9611,47.7205,44759395.905668
2019-04-11,47.7455,48.0602,47.083,47.5806,37697798.888587
2019-04-12,47.9683,48.0082,47.1109,47.1989,47469910.722468
2019-04-15,47.1209,47.1709,45.4913,45.884,44288580.205343
2019-04-16,46.2796,46.9411,45.9498,46.7532,39746930.412582
2019-04-17,47.1009,47.3108,46.3066,46.5265,35322953.521201
2019-04-18,46.5914,46.9312,46.0038,46.2836,38340521.925069
2019-04-22,46.0468,46.9731,45.733,46.8192,28171143.581997
2019-04-23,46.9491,47.6785,46.8512,47.3628,34905567.640931
2019-04-24,47.4688,47.8984,46.8592,47.4888,32022348.879371
2019-04-25,47.083,47.3088,45.638,46.4365,50246507.02512
2019-04-26,44.8937,44.9386,43.0521,44.2431,87450209.427002
2019-04-29,44.3231,44.8297,43.6016,44.553,39440575.359188
2019-04-30,44.2272,45.2234,44.0353,44.9656,36522405.895505
2019-05-01,45.4933,45.912,44.8327,44.8347,35652882.584994
2019-05-02,44.9316,45.9269,44.497,45.5133,39718930.020452
2019-05-03,45.5951,45.695,44.8497,45.4683,33896031.361367
2019-05-06,43.6016,44.8027,43.227,44.6798,42485608.746136
2019-05-07,44.1953,44.1953,42.5195,43.0051,55874064.44469
2019-05-08,42.7274,44.0103,42.6074,43.207,42182543.205912
2019-05-09,42.5125,42.6094,41.0886,42.2787,66443520.444653
2019-05-10,41.9709,42.6254,40.7409,41.9389,57311101.332112
2019-05-13,40.6159,40.8488,39.202,39.3619,66108030.132099
2019-05-14,39.7596,40.6059,39.3719,40.2532,52820878.829488
2019-05-15,39.6966,40.0064,39.1021,39.6417,50550684.414791
2019-05-16,39.5897,40.2192,39.1621,39.7916,78604345.240678
2019-05-17,39.3739,40.6689,38.4907,38.8843,102855200.74649
2019-05-20,37.899,38.4477,37.4524,37.6992,57569462.718637
2019-05-21,38.3047,38.6804,37.922,38.5206,36414548.493105
2019-05-22,38.1308,38.3927,37.7022,37.8121,32793701.187834
2019-05-23,37.1865,37.1865,36.0005,36.598,59559907.406248
2019-05-24,36.7869,37.1396,35.9905,36.0585,35985384.614518
2019-05-28,36.2362,36.563,35.5868,35.6068,43107161.608735
2019-05-29,35.1342,35.4809,34.5176,34.8673,56335294.821886
2019-05-30,34.8993,35.259,34.2148,34.5995,39634866.796662
2019-05-31,34.108,34.4347,33.6723,33.6903,39174493.073944
2019-06-03,33.8023,34.1899,32.9758,33.2706,48113062.086189
2019-06-04,33.915,35.6168,33.6903,35.5638,64517088.662513
2019-06-05,36.3062,36.3602,34.7774,35.1412,51427413.230263
2019-06-06,35.1841,36.0065,35.1591,35.7587,41025951.576956
2019-06-07,35.8186,36.5301,35.6268,36.1882,35067043.007127
2019-06-10,36.7489,37.6022,36.7489,36.9158,40487406.131518
2019-06-11,37.5163,37.894,37.0967,37.4944,38586490.843824
2019-06-12,37.0567,37.1196,36.2102,36.3632,36075701.616157
2019-06-13,36.583,37.0567,36.4082,36.8738,30968211.524857
2019-06-14,35.9405,36.1862,35.5238,35.9735,39647597.52286
2019-06-17,35.9565,36.4432,35.7267,36.0705,27747601.998808
2019-06-18,36.6859,38.5774,36.576,38.022,58494207.217798
2019-06-19,38.3747,38.4877,37.8221,38.0819,33336742.067756
2019-06-20,38.9872,39.1271,38.1808,38.3247,35198699.591956
2019-06-21,38.1748,38.6704,37.6792,37.7441,43668451.430739
2019-06-24,37.959,38.2627,37.4864,37.969,28441911.446996
2019-06-25,38.016,38.7704,37.6462,37.6742,31348716.228131
2019-06-26,38.9502,40.2192,38.8224,39.6067,58710833.719125
2019-06-27,40.466,40.7889,40.1033,40.5959,44775644.319357
2019-06-28,41.0356,41.1286,40.3762,40.8459,39973293.352488
2019-07-01,42.9191,43.2648,40.9526,41.3284,71523072.191228
2019-07-02,41.1606,41.3703,40.2132,40.3462,40230741.040953
2019-07-03,40.5809,40.6389,39.8735,40.476,24791593.626429
2019-07-05,39.8895,39.9335,39.214,39.8466,39861464.916244
2019-07-08,39.252,39.4419,38.8004,39.0971,33150056.441075
2019-07-09,38.6774,39.4039,38.5504,39.1221,34464226.458959
2019-07-10,39.5597,40.3812,39.4199,39.8036,45442531.81734
2019-07-11,40.539,41.7611,40.1633,41.3554,68610564.052762
2019-07-12,41.6311,42.3966,41.6311,41.6841,50902426.143328
2019-07-15,41.8969,42.0588,41.3184,41.5992,29134592.651213
2019-07-16,41.4513,41.8241,40.9956,41.5512,34321830.669444
2019-07-17,41.5692,42.2767,41.2784,42.2068,35001390.849279
2019-07-18,42.3107,42.9551,41.7441,42.3236,44548207.559059
2019-07-19,42.7074,42.7724,41.8311,41.8909,34668816.764705
2019-07-22,42.1068,42.7374,42.0308,42.6074,31758179.055235
2019-07-23,43.0021,43.7116,42.8452,43.6916,43040168.426352
2019-07-24,44.435,44.493,43.3618,44.435,36814076.730244
2019-07-25,44.0173,44.1453,42.8872,43.1221,39473883.806639
2019-07-26,43.3948,44.0103,43.3948,43.5448,27558461.496617
2019-07-29,43.4718,43.6446,42.5954,43.4818,24945157.948634
2019-07-30,43.0151,43.7615,42.8692,43.6386,19879819.060597
2019-07-31,43.3218,43.3288,41.5373,41.9609,36128349.839078
2019-08-01,42.0668,42.9721,40.493,41.0156,42340152.618542
2019-08-02,40.0863,40.7829,39.6117,40.0863,43057533.69331
2019-08-05,38.2507,38.2627,37.0337,37.5044,59221913.180719
2019-08-06,38.2507,38.7074,37.4144,37.892,36314815.297553
2019-08-07,37.2825,38.3927,37.1067,38.2727,37449793.413916
2019-08-08,38.8504,39.3719,38.2747,39.3599,31090623.046513
2019-08-09,38.9502,38.9822,37.8421,38.3447,34359308.302126
2019-08-12,37.8241,38.3447,37.4494,37.6662,28065137.594069
2019-08-13,37.5543,39.27,37.2625,38.8124,36238591.062701
2019-08-14,37.929,38.039,36.8858,37.3245,42206333.381461
2019-08-15,37.5793,37.7122,36.6599,37.0007,55734340.696598
2019-08-16,39.6297,40.1733,39.0141,39.6816,102066183.94246
2019-08-19,40.8189,42.6324,40.6559,42.4735,82056466.640388
2019-08-20,42.4185,42.4235,41.5373,41.7491,46593035.795368
2019-08-21,42.4105,43.1391,42.1968,42.5854,43013465.025117
2019-08-22,42.6824,43.1091,42.2567,42.6474,30533525.427328
2019-08-23,41.881,42.4265,40.1993,40.3992,57245689.357763
2019-08-26,41.1886,41.4293,40.7659,41.1486,32024976.887153
2019-08-27,41.5293,41.5572,39.9435,40.2392,29306466.962139
2019-08-28,39.9734,40.6629,39.5837,40.1333,25690327.253442
2019-08-29,41.0506,41.8989,41.0156,41.5742,35987920.551959
2019-08-30,42.0388,42.5355,41.5193,41.7011,29213107.636184
2019-09-03,40.9726,41.3024,40.6409,40.8708,29775697.451373
2019-09-04,41.4773,42.0888,41.4773,42.0139,22907909.503239
2019-09-05,43.0371,44.8127,43.0191,44.7498,69941211.659423
2019-09-06,44.515,45.0856,44.0953,44.477,37856110.837951
2019-09-09,44.7897,45.804,44.7747,44.9386,41928005.740839
2019-09-10,44.6099,45.87,44.513,45.6051,35429496.919707
2019-09-11,45.753,46.3735,45.4633,45.89,36303066.321406
2019-09-12,46.3565,46.9012,45.797,45.874,32921883.118047
2019-09-13,45.2114,45.5832,44.8597,45.2983,32595562.811321
2019-09-16,44.545,45.2134,44.44,44.8667,23280617.249686
2019-09-17,44.9336,45.1216,44.467,45.0816,22943336.569301
2019-09-18,45.0116,45.1684,43.9414,44.8097,26514736.096773
2019-09-19,44.8697,45.0536,43.9444,44.0503,25742010.73931
2019-09-20,44.0403,44.2771,42.8892,42.9921,35875324.529284
2019-09-23,42.9951,43.9833,42.9571,43.5288,25690102.081411
2019-09-24,43.8415,44.1373,42.5954,42.9521,32259190.825173
2019-09-25,42.9471,44.57,42.4975,44.373,31442281.71159
2019-09-26,44.2751,44.3631,43.6416,44.1503,23882545.118909
2019-09-27,43.7345,44.2402,42.1538,42.7594,36749701.547997
2019-09-30,43.0191,43.4388,42.7054,43.3368,19401107.327751
2019-10-01,43.5688,45.0636,43.2718,43.3188,36911077.838499
2019-10-02,43.0991,43.219,42.3536,43.0791,29690437.313147
2019-10-03,43.1251,45.2034,42.8192,45.1416,46467536.914988
2019-10-04,45.1634,45.5981,44.51,45.3053,26908639.036219
2019-10-07,45.9518,46.8862,45.864,45.89,49036586.65333
2019-10-08,44.9736,44.9736,43.9414,44.1233,45123108.780087
2019-10-09,44.8937,45.4883,44.6049,44.9916,30917722.951896
2019-10-10,44.9686,46.0768,44.9156,45.5712,32889203.150751
2019-10-11,46.4095,47.1329,46.2197,46.3036,45276163.713123
2019-10-14,46.1897,46.6433,45.904,46.4395,21121978.062504
2019-10-15,47.3388,49.6131,47.1989,48.8867,67079273.15585
2019-10-16,48.5439,49.5961,48.2312,48.347,43457190.028315
2019-10-17,48.7937,49.2464,47.8225,48.367,26542776.519485
2019-10-18,48.371,48.6987,46.6763,47.4208,30891713.080511
2019-10-21,48.0352,48.9307,47.8485,48.7967,26808925.855956
2019-10-22,49.3663,50.4204,48.6188,48.6967,33878702.121934
2019-10-23,47.8755,48.7087,47.5556,48.5669,28697109.416688
2019-10-24,48.9785,49.3433,48.6388,49.0065,24004195.058721
2019-10-25,49.816,51.1329,49.738,50.9231,42486966.783668
2019-10-28,51.3627,52.0092,51.0669,51.4846,33218184.490489
2019-10-29,51.3447,51.4096,50.3235,50.5174,21212458.188769
2019-10-30,50.7872,50.8451,49.8549,50.5374,20682707.462442
2019-10-31,50.3275,50.5374,49.2434,50.0447,21061405.785654
2019-11-01,49.69,50.7602,49.4402,50.4354,28483026.858919
2019-11-04,51.2499,52.5289,51.0169,52.4039,37829945.848058
2019-11-05,52.4019,52.6637,51.7065,52.1841,30213292.77153
2019-11-06,51.9443,52.1991,50.8152,51.6945,27014401.838355
2019-11-07,52.5559,52.7037,51.4226,51.8723,28151808.810349
2019-11-08,51.7025,52.0462,51.3247,51.7325,19020350.431803
2019-11-11,51.7245,52.0622,50.8571,51.8323,24481404.643936
2019-11-12,52.2121,52.7436,51.8643,52.1841,28503178.254463
2019-11-13,51.8743,52.1462,51.2629,51.9263,30363572.584392
2019-11-14,52.0162,52.252,51.4146,52.2291,52922174.218549
2019-11-15,52.2061,52.7236,49.9488,50.8351,105864697.98403
2019-11-18,50.7602,53.1144,50.7302,52.8486,57773649.716259
2019-11-19,52.5389,52.7736,51.1999,51.7844,41712595.168475
2019-11-20,51.5546,53.4141,51.4266,52.5738,47500555.134612
2019-11-21,52.5289,53.0874,52.1092,52.3259,28960121.356207
2019-11-22,52.5519,53.0214,52.266,52.5019,22504060.965418
2019-11-25,53.7868,55.1188,53.6571,55.0689,50947969.93851
2019-11-26,54.8941,54.939,53.9608,54.0257,38730188.628056
2019-11-27,54.4774,54.8211,54.1107,54.3704,21616288.712828
2019-11-29,54.0657,54.3454,53.7618,54.0007,14204708.310573
2019-12-02,53.9308,54.0657,51.9822,52.1322,37516414.311876
2019-12-03,50.2936,51.7794,49.9188,51.7395,47578771.891738
2019-12-04,52.5738,52.7986,51.8923,52.1742,27456571.653398
2019-12-05,52.3939,52.5519,51.6995,52.0062,18577876.384327
2019-12-06,52.6987,53.1903,52.5988,52.8616,23322301.09589
2019-12-09,52.6318,53.4101,52.5439,52.8616,21587765.921589
2019-12-10,53.1624,53.8308,52.6338,53.3123,25757784.790589
2019-12-11,53.4171,54.2055,53.3921,54.1505,23482012.114135
2019-12-12,53.8608,56.0053,53.7718,55.8223,40748938.940991
2019-12-13,55.8523,57.0463,55.2608,55.8023,45654261.577587
2019-12-16,56.277,56.8186,55.9973,56.092,32241985.680549
2019-12-17,56.277,57.1013,56.185,56.8745,32438317.676997
2019-12-18,57.2243,57.7838,57.1383,57.1783,34547078.75761
2019-12-19,57.524,58.7971,57.474,58.6632,45467575.950907
2019-12-20,59.3287,59.8922,59.1338,59.6374,60547341.800105
2019-12-23,59.9242,60.247,59.3935,59.5005,35662307.78579
2019-12-24,59.3456,59.6224,59.0019,59.4515,13934468.849272
2019-12-26,59.4845,59.8742,59.2957,59.5925,18385243.213759
2019-12-27,59.7443,59.8802,58.7501,59.0139,25569225.732618
2019-12-30,58.7951,58.846,57.564,57.8778,25914130.237557
2019-12-31,57.524,58.7151,57.3342,58.6232,23201180.56054
2020-01-02,59.4835,59.7723,58.9759,59.7723,23850168.383281
2020-01-03,58.5732,59.2537,58.3235,58.8151,20648477.310815
2020-01-06,57.8778,59.1138,57.616,59.0618,26382274.897224
2020-01-07,59.3456,60.237,58.8939,59.7773,32031096.562548
2020-01-08,59.7343,60.3039,59.3337,59.8902,27820059.355788
2020-01-09,60.7535,61.2721,60.0071,60.5467,25632658.194633
2020-01-10,61.6189,61.9237,60.7296,60.8714,31755803.240128
2020-01-13,61.7008,63.0279,61.478,62.7779,32144715.366621
2020-01-14,62.3503,62.6032,61.478,61.6069,36082431.757944
2020-01-15,61.7338,61.9586,60.9234,61.1832,26401638.691045
2020-01-16,61.7168,62.0785,61.482,62.0186,28517562.243742
2020-01-17,62.2104,62.2864,61.6289,62.1065,25466924.575157
2020-01-21,61.7387,62.1085,61.432,61.7707,21867154.372663
2020-01-22,62.2264,63.1776,62.0366,62.2984,24006701.973989
2020-01-23,62.7131,63.0799,61.8237,62.9959,24536099.430419
2020-01-24,64.1509,64.6486,61.8607,62.4063,37480679.010324
2020-01-27,59.3556,60.3569,57.8558,59.8442,47216332.990626
2020-01-28,60.5037,62.1035,59.9722,61.7787,31205274.639631
2020-01-29,61.6339,61.9966,60.7765,61.1762,26034949.542771
2020-01-30,60.197,61.3781,59.6444,61.2421,29150940.140595
2020-01-31,60.7834,60.9034,58.4852,58.9039,37170219.821394
2020-02-03,58.7231,60.072,58.6602,59.8772,25681429.455578
2020-02-04,61.2981,61.7607,60.7964,61.5699,27248375.592877
2020-02-05,62.7799,62.8799,61.6389,62.4762,20894104.968849
2020-02-06,62.8179,63.3416,62.0066,63.3386,21903781.355454
2020-02-07,62.9399,63.1626,62.4282,62.6801,19040913.141588
2020-02-10,62.9059,65.5218,62.8559,65.5138,53144147.805015
2020-02-11,66.6011,67.892,65.9785,66.743,64076777.267291
2020-02-12,67.2726,67.968,66.8829,67.902,37594188.731058
2020-02-13,67.3226,68.1379,67.0477,67.4633,52984354.724075
2020-02-14,71.5673,73.4869,71.2535,72.1957,104553121.94793
2020-02-18,71.1635,74.0694,70.9677,73.8835,62403418.831645
2020-02-19,75.1126,78.5829,75.1126,78.405,69673525.14856
2020-02-20,77.9234,78.8097,73.8296,76.9091,81285503.629346
2020-02-21,75.7881,76.0378,72.4137,73.263,77195683.031337
2020-02-24,67.3176,70.2252,66.771,68.088,85988184.44883
2020-02-25,68.8373,69.4559,64.2659,65.2841,105915224.58605
2020-02-26,65.2861,68.6275,65.2721,66.683,75225703.979348
2020-02-27,63.5384,66.5611,62.0466,62.9679,90900948.77083
2020-02-28,60.3299,67.922,60.277,67.3276,113792325.64324
2020-03-02,69.0272,69.1991,65.0633,68.9093,89329528.215102
2020-03-03,69.4679,70.0675,65.4261,66.2833,65466175.759271
2020-03-04,67.3606,71.0177,66.6111,70.9238,59911738.202831
2020-03-05,68.9273,70.599,67.6823,68.1299,54187410.851624
2020-03-06,66.3313,66.9078,64.3138,66.3213,51688763.900582
2020-03-09,59.8043,64.6626,59.3756,61.1892,61591640.638053
2020-03-10,63.9491,65.0822,61.3251,65.0822,58231082.191883
2020-03-11,63.6783,63.9641,60.4717,61.445,50350492.469365
2020-03-12,56.202,58.862,53.7998,53.9258,81887871.834985
2020-03-13,57.458,60.084,54.7441,60.0401,63665492.04789
2020-03-16,52.9536,56.3619,48.359,48.9585,72905308.211123
2020-03-17,50.0847,55.0539,47.6105,54.1655,83601820.28115
2020-03-18,49.8789,52.3359,45.0436,50.5604,87676889.609281
2020-03-19,50.3455,54.0307,48.2072,53.0924,76770513.20418
2020-03-20,54.5913,57.4141,51.1369,51.2929,80693743.528235
2020-03-23,51.2829,53.9688,49.4881,53.0234,64571775.44288
2020-03-24,57.0863,62.9829,56.8486,62.1185,110479724.8364
2020-03-25,63.2666,65.2661,60.7436,61.2321,79570185.136472
2020-03-26,63.3016,65.3671,62.3234,64.1239,69958452.831574
2020-03-27,62.3234,65.5918,61.9936,62.9999,64065836.908924
2020-03-30,63.6543,66.3013,63.2146,66.2084,60397404.24873
2020-03-31,66.6111,68.6545,64.2509,65.7118,95267978.154661
2020-04-01,63.7263,65.1941,60.15,60.5967,65879348.420666
2020-04-02,60.8894,63.8142,60.4067,63.6813,67769882.777392
2020-04-03,63.3066,63.7213,59.4285,60.8064,66511230.174475
2020-04-06,63.6243,67.2806,63.0499,66.9108,72996600.958226
2020-04-07,69.1272,69.363,64.1379,64.5706,78676754.560957
2020-04-08,65.6638,66.7979,64.9634,66.5481,54399726.059148
2020-04-09,67.8082,68.038,64.9174,65.5488,52775420.099296
2020-04-13,64.9504,67.3606,64.064,67.2726,39954770.200913
2020-04-14,68.5546,71.1257,68.2778,70.7869,53246649.11539
2020-04-15,69.1012,70.8408,68.6495,70.0095,36719694.62289
2020-04-16,71.5653,74.5359,71.4334,73.4639,74775469.002569
2020-04-17,74.2862,74.501,71.5303,72.8713,54066518.490597
2020-04-20,71.6053,73.1651,71.1137,71.5573,45067459.264196
2020-04-21,70.3772,70.9877,66.5881,67.1876,73726420.535934
2020-04-22,69.1092,71.7631,68.6545,71.3335,48611666.016553
2020-04-23,71.7551,73.0731,70.5491,70.8019,42537369.290877
2020-04-24,70.6989,72.2087,69.9495,72.1887,35365491.019591
2020-04-27,73.5367,75.6601,73.2909,74.0564,48076019.786098
2020-04-28,75.5352,75.8351,72.5754,72.6314,44417192.464325
2020-04-29,73.9795,74.9307,73.228,74.4012,38024721.655588
2020-04-30,73.8615,74.4012,72.7214,72.8613,37699379.095855
2020-05-01,70.8838,72.016,70.0125,70.4951,34307704.877424
2020-05-04,70.0195,72.7514,70.0195,72.6114,31846420.47114
2020-05-05,73.6567,74.8528,72.6134,73.225,36995152.0707
2020-05-06,74.0194,75.2854,73.6417,74.2332,32439146.310067
2020-05-07,75.6302,76.6324,75.1186,75.9999,37480029.514112
2020-05-08,76.7174,77.9654,76.3786,77.9034,34088008.030372
2020-05-11,77.8535,80.8912,77.5657,80.4225,47040286.492175
2020-05-12,81.0011,81.4908,77.7056,77.8035,49447063.254952
2020-05-13,78.9526,80.5525,75.7321,77.5777,62764159.435268
2020-05-14,78.1933,80.1308,76.6554,80.0748,60403648.018932
2020-05-15,78.6749,84.7622,78.517,84.6672,99048889.748075
2020-05-18,87.3572,88.9101,86.5579,87.2543,77862581.53773
2020-05-19,87.652,90.6127,87.3801,87.8038,71937525.831283
2020-05-20,89.6535,90.173,88.6353,89.4436,58921797.894469
2020-05-21,90.256,90.266,87.1274,87.5041,76324820.697821
2020-05-22,88.0007,90.6677,86.8846,90.0062,104173847.18433
2020-05-26,91.3042,91.554,86.4729,86.9306,77298537.611609
2020-05-27,86.0032,86.0812,79.738,85.008,117925822.60973
2020-05-28,83.8829,87.3572,83.5531,84.6292,73823530.727529
2020-05-29,85.2998,88.5024,84.6094,88.5024,74805493.94144
2020-06-01,88.0807,88.1556,86.6477,87.8108,39162881.202546
2020-06-02,87.7119,88.1207,86.3329,88.0007,39244068.228939
2020-06-03,87.9708,88.4104,86.7527,87.4471,36648493.225456
2020-06-04,87.0724,89.2178,86.5679,87.4571,42529877.567246
2020-06-05,87.7339,89.7533,86.8726,88.985,48290464.620645
2020-06-08,88.5603,88.6851,86.6507,87.8388,38866976.132875
2020-06-09,87.7898,90.8776,87.3043,90.243,46961558.344348
2020-06-10,91.4561,94.7726,91.3142,93.4445,63370188.437732
2020-06-11,91.2782,92.3904,87.65,87.7518,58505394.765017
2020-06-12,91.4041,91.651,86.8246,89.1099,57228123.937889
2020-06-15,87.9408,91.601,87.2303,91.516,40096421.421582
2020-06-16,92.0276,92.4452,88.1755,90.4659,53700343.735316
2020-06-17,90.9165,92.7671,90.4829,92.1375,40928762.32496
2020-06-18,92.0476,92.6032,90.9245,91.9577,25502139.47913
2020-06-19,92.2035,94.223,92.0506,92.3904,52542114.855512
2020-06-22,92.7771,95.0853,92.5102,95.0404,39942480.811895
2020-06-23,95.2821,96.1945,93.8492,94.273,37600954.90037
2020-06-24,94.5357,95.3351,91.2243,92.1335,45045166.232456
2020-06-25,93.3347,94.8224,91.601,94.6727,37697646.772371
2020-06-26,94.7726,94.7726,91.0283,91.3282,59350974.782996
2020-06-29,91.4761,91.8238,88.7851,91.7778,34307124.433969
2020-06-30,92.9169,95.0354,92.4432,94.7506,36877681.323766
2020-07-01,94.9804,95.528,93.9032,95.0723,32743238.634751
2020-07-02,96.1595,97.1427,95.555,95.8947,36492962.400853
2020-07-06,97.1826,98.8474,96.8929,98.1539,31665348.132977
2020-07-07,99.2221,100.453,98.2679,98.4777,35866022.422531
2020-07-08,99.6938,102.012,99.4171,101.912,36635947.640705
2020-07-09,103.561,105.45,102.092,104.84,49573660.974838
2020-07-10,105.63,106.299,103.541,104.55,49887170.4942
2020-07-13,105.7,107.667,100.013,100.283,45817425.233625
2020-07-14,100.513,103.78,97.6194,103.531,54397934.690553
2020-07-15,103.9,104.09,100.313,102.032,40495649.429347
2020-07-16,99.9136,101.822,98.7155,101.103,34579434.477183
2020-07-17,102.012,102.242,100.633,101.772,26692506.912593
2020-07-20,102.502,105.06,101.323,104.86,28553587.767024
2020-07-21,104.88,105.35,102.621,103.041,27833463.596546
2020-07-22,103.431,105.77,102.671,104.14,36817417.282406
2020-07-23,104.25,105.22,100.073,101.053,41265134.311107
2020-07-24,98.5107,103.401,97.5354,101.702,47443026.182844
2020-07-27,102.082,104.17,101.932,103.97,29283277.245337
2020-07-28,103.501,103.571,101.852,101.912,27228935.740949
2020-07-29,103.66,104.91,103.231,104.41,28519193.490005
2020-07-30,103.511,105.979,102.711,105.89,30962304.011553
2020-07-31,105.38,107.408,104.09,105.89,38721503.993047
2020-08-03,107.068,110.716,106.898,109.836,41401157.23179
2020-08-04,110.236,112.014,108.807,112.014,31108197.473268
2020-08-05,112.174,113.443,111.395,112.594,25110223.057371
2020-08-06,113.223,113.303,111.514,113.083,24490324.45862
2020-08-07,112.853,114.773,110.106,111.724,34333970.944539
2020-08-10,113.073,113.813,108.307,111.385,42882481.95485
2020-08-11,110.476,111.096,107.707,108.247,35536313.526945
2020-08-12,109.636,114.393,109.317,114.123,46606111.785345
2020-08-13,115.183,116.94,113.283,114.153,37536015.286901
2020-08-14,115.023,116.77,114.133,115.362,36731747.831466
2020-08-17,118.23,123.795,117.89,123.066,62279519.173061
2020-08-18,124.195,124.655,120.577,122.317,50465700.48759
2020-08-19,122.667,122.846,120.697,121.097,62411980.37261
2020-08-20,119.468,123.445,118.51,121.127,92360221.646413
2020-08-21,121.727,127.772,121.667,126.533,100227424.14116
2020-08-24,128.532,128.812,124.775,126.893,49174401.943372
2020-08-25,126.004,127.302,125.434,127.192,28977205.408319
2020-08-26,127.682,128.372,126.473,127.422,32201553.790831
2020-08-27,127.512,128.192,125.364,125.974,31836674.024914
2020-08-28,126.443,131.159,126.124,131.159,53845039.281832
2020-08-31,131.509,135.426,130.07,133.428,50204573.988536
2020-09-01,134.518,139.652,134.088,137.925,51355285.124829
2020-09-02,146.717,146.957,138.715,143.16,87585290.628217
2020-09-03,138.005,138.565,128.522,129.881,94711578.068386
2020-09-04,127.572,131.469,116.8,125.954,146676424.89464
2020-09-08,117.1,125.235,116.8,118.89,79740470.233248
2020-09-09,123.735,127.822,122.067,126.883,73774815.509399
2020-09-10,129.621,130.38,121.417,122.856,70015536.443105
2020-09-11,124.595,126.253,118.71,121.397,63826775.267287
2020-09-14,130.54,132.869,126.044,128.452,120427493.87132
2020-09-15,132.529,132.709,128.012,129.641,72908825.898615
2020-09-16,129.302,130.65,124.875,124.875,55877329.939507
2020-09-17,121.067,125.634,120.098,124.375,79418018.882382
2020-09-18,125.674,126.054,119.638,121.647,69993235.405249
2020-09-21,119.01,124.955,118.8,124.905,72256040.1743
2020-09-22,125.484,126.213,121.307,126.114,64781302.52029
2020-09-23,125.494,127.003,120.548,120.987,64837445.413118
2020-09-24,120.468,125.434,119.888,123.215,73277977.928516
2020-09-25,124.285,128.562,122.207,128.472,58925420.662241
2020-09-28,130.13,130.25,127.232,130.08,57501714.959762
2020-09-29,129.102,134.148,129.062,131.979,62431652.401921
2020-09-30,131.299,135.946,131.229,135.026,69063504.096195
2020-10-01,137.295,137.345,134.328,135.866,52610759.299448
2020-10-02,131.969,134.916,130.24,130.35,55365902.21184
2020-10-05,132.089,136.156,131.949,136.146,48082841.998227
2020-10-06,138.015,141.132,136.365,137.085,78607125.364676
2020-10-07,139.712,140.902,138.355,139.354,41896536.698682
2020-10-08,140.462,140.562,137.295,138.105,37969852.736068
2020-10-09,137.385,137.965,136.325,137.345,34762120.047845
2020-10-12,139.603,143.17,138.844,141.962,43565904.085192
2020-10-13,142.662,143.18,139.902,142.182,34532857.892956
2020-10-14,142.602,143.13,139.314,140.662,27722954.168016
2020-10-15,137.825,139.772,137.395,139.414,26778768.816162
2020-10-16,140.082,140.922,137.645,137.835,24315041.543542
2020-10-19,138.745,139.543,133.788,134.698,29869607.197847
2020-10-20,135.556,137.715,134.787,136.176,22969458.526318
2020-10-21,135.966,137.635,134.498,134.966,22005962.421165
2020-10-22,134.946,135.836,132.039,133.328,29109096.172059
2020-10-23,134.218,135.646,132.639,135.626,23397580.608979
2020-10-26,133.988,136.645,130.11,131.139,33760357.707523
2020-10-27,132.789,134.138,131.639,133.688,25104705.842253
2020-10-28,131.709,132.319,125.824,126.004,37731076.312336
2020-10-29,128.112,131.649,127.232,129.971,32075571.54116
2020-10-30,128.232,129.092,122.737,125.075,41827474.935916
2020-11-02,126.313,128.092,123.685,125.544,30028346.473686
2020-11-03,126.813,130.78,125.764,129.921,27347557.367148
2020-11-04,133.618,137.995,133.088,137.655,41109294.25025
2020-11-05,141.332,143.09,139.622,141.312,31969996.882765
2020-11-06,140.812,145.579,138.665,145.319,38415632.308945
2020-11-09,145.219,146.597,135.826,136.026,58420518.920388
2020-11-10,135.786,135.786,126.014,127.432,64542313.934468
2020-11-11,130.27,134.068,129.212,133.898,40559549.248419
2020-11-12,134.508,137.375,132.879,134.288,36740688.662208
2020-11-13,135.986,136.405,130.32,132.689,34749234.203139
2020-11-16,131.449,136.216,131.289,134.866,41464588.693039
2020-11-17,135.246,135.686,132.769,133.948,31268482.930381
2020-11-18,134.368,135.776,131.569,134.008,51200093.55942
2020-11-19,131.849,134.598,130.73,134.128,56712566.054808
2020-11-20,134.258,134.668,130.38,130.6,34180786.912873
2020-11-23,131.439,133.548,129.881,131.129,36211496.362516
2020-11-24,131.149,131.349,128.582,129.312,34722944.117674
2020-11-25,130.05,132.419,129.931,132.069,26046358.25896
2020-11-27,133.468,133.798,131.429,132.339,16762734.627088
2020-11-30,132.369,133.848,129.452,133.738,28755611.111626
2020-12-01,134.648,135.006,132.009,133.628,29819774.125684
2020-12-02,133.228,136.455,132.069,135.166,28395776.199948
2020-12-03,135.636,136.355,133.048,133.728,19988164.836109
2020-12-04,134.248,135.356,133.648,135.346,20260931.22797
2020-12-07,135.766,137.065,134.757,135.826,22345045.478555
2020-12-08,135.606,135.746,132.579,133.268,27212652.300499
2020-12-09,132.769,133.898,128.452,129.072,40138251.379416
2020-12-10,128.462,130.45,128.262,129.492,20814064.818662
2020-12-11,129.492,129.971,127.992,129.901,20964427.694983
2020-12-14,130.64,133.648,130.54,132.849,27064668.24158
2020-12-15,134.158,134.398,131.629,133.368,19383601.953751
2020-12-16,133.988,134.128,131.889,132.189,22351835.666217
2020-12-17,133.428,133.558,131.549,133.178,23180253.572448
2020-12-18,133.548,133.808,130.47,132.489,34268354.814216
2020-12-21,130.51,133.468,129.442,133.088,30287916.783822
2020-12-22,132.958,133.138,130.31,132.549,18665200.099113
2020-12-23,132.319,132.519,129.811,129.861,17946689.161136
2020-12-24,130.14,131.089,129.152,129.701,9806062.772191
2020-12-28,130.39,130.39,127.402,128.772,21295021.266456
2020-12-29,129.022,130.49,128.192,129.202,17068040.879203
2020-12-30,129.671,131.899,128.732,131.219,22580498.363124
2020-12-31,131.129,131.269,128.912,130.31,19277254.705102
2021-01-04,130.81,136.285,129.392,130.9,56165619.190738
2021-01-05,130.76,134.198,130.63,133.808,32334389.276332
2021-01-06,131.989,132.209,125.634,125.914,58147315.194406
2021-01-07,129.442,133.538,128.632,133.208,46231643.694005
2021-01-08,133.388,133.968,130.19,132.529,29305786.442226
2021-01-11,133.948,139.364,133.388,135.976,51996790.230821
2021-01-12,137.285,137.305,133.208,134.608,29200509.01091
2021-01-13,134.658,136.006,133.608,135.076,21040843.075868
2021-01-14,135.506,135.756,131.569,131.769,28363253.35269
2021-01-15,132.049,133.018,128.252,128.362,27828387.718606
2021-01-19,129.931,130.71,128.212,130.02,22659613.80684
2021-01-20,130.88,134.068,130.33,133.418,25903870.399104
2021-01-21,133.948,139.742,132.299,138.435,33895174.706889
2021-01-22,137.155,138.175,136.026,136.885,24726514.906683
2021-01-25,137.575,138.045,132.129,136.295,25156551.451983
2021-01-26,135.566,136.206,133.638,134.108,16427709.670063
2021-01-27,132.069,132.089,127.702,128.942,37194460.341004
2021-01-28,129.731,133.158,129.372,130.27,22872904.759829
2021-01-29,130.52,133.108,128.882,129.661,27204335.946856
2021-02-01,130.3,132.469,128.792,132.129,21759730.301327
2021-02-02,133.748,135.476,132.619,135.326,22083711.821234
2021-02-03,136.116,139.074,134.926,135.066,24585332.043837
2021-02-04,135.066,136.495,133.138,136.405,20170274.967139
2021-02-05,137.005,137.125,135.216,135.666,16945969.617503
2021-02-08,137.025,144.479,137.025,144.13,43540918.996736
2021-02-09,143.15,145.569,141.972,142.372,28808040.167106
2021-02-10,144.369,148.777,143.15,147.367,48623046.711335
2021-02-11,149.526,152.444,148.976,152.234,45164340.280702
2021-02-12,150.225,152.624,147.477,149.336,37543555.047232
2021-02-16,150.365,153.433,149.226,153.014,32254204.015282
2021-02-17,151.434,151.954,147.527,148.787,27619750.320906
2021-02-18,147.017,148.457,145.489,148.017,23450432.987875
2021-02-19,149.965,151.494,148.197,148.986,27221576.118242
2021-02-22,147.477,151.054,142.99,143.3,32647518.505155
2021-02-23,140.512,142.132,133.658,141.172,39150118.451882
2021-02-24,140.982,144.809,137.315,144.729,44913020.273749
2021-02-25,140.202,143.49,131.929,132.839,82592770.373171
2021-02-26,137.285,138.305,133.368,136.905,50183672.019559
2021-03-01,138.505,139.004,135.296,138.175,35382202.787279
2021-03-02,138.755,138.964,133.728,133.818,26459198.666516
2021-03-03,134.028,134.278,127.752,127.812,37827344.86092
2021-03-04,127.772,129.522,120.627,123.475,57438251.474047
2021-03-05,125.275,125.275,116.58,124.385,54382100.5934
2021-03-08,124.275,124.485,115.452,115.722,54409431.474027
2021-03-09,121.127,125.984,120.418,125.015,52258929.503627
2021-03-10,128.212,129.611,124.395,124.495,38493915.116532
2021-03-11,129.312,130.27,127.152,129.751,30035324.805089
2021-03-12,126.293,128.702,125.714,128.372,24432103.978529
2021-03-15,128.462,131.879,127.482,131.719,22284613.308745
2021-03-16,133.368,134.926,130.979,132.719,27252790.966195
2021-03-17,130.21,134.338,129.711,133.218,24422113.345746
2021-03-18,131.169,131.649,126.983,127.033,29461866.686581
2021-03-19,127.312,129.032,125.934,128.272,29964488.686727
2021-03-22,128.942,133.748,128.882,131.669,29823896.274981
2021-03-23,132.349,133.248,130.02,130.52,22237108.014991
2021-03-24,131.319,131.399,126.183,126.243,24619834.403429
2021-03-25,124.815,126.963,122.537,125.165,29557654.868168
2021-03-26,125.354,128.372,123.555,128.202,36450169.707496
2021-03-29,128.012,130.43,126.813,129.292,27392021.33735
2021-03-30,128.232,129.561,126.863,128.532,20049549.733797
2021-03-31,129.971,134.518,129.631,133.288,31523824.009409
2021-04-01,135.526,138.505,134.916,137.925,30872580.463309
2021-04-05,138.485,139.942,137.135,139.682,25604560.728339
2021-04-06,139.802,140.342,137.545,138.425,19202660.715749
2021-04-07,138.615,142.222,136.925,141.242,25165215.070935
2021-04-08,142.322,144.509,142.282,142.961,24477266.482406
2021-04-09,141.932,143.87,141.552,143.79,19545653.760344
2021-04-12,142.691,153.283,141.192,151.864,87059438.880687
2021-04-13,152.094,156.76,151.034,156.55,67720161.790861
2021-04-14,156.011,156.96,152.054,152.534,38606616.219488
2021-04-15,156.381,161.897,156.081,161.127,59935664.482363
2021-04-16,160.287,161.417,158.408,158.878,33569819.137216
2021-04-19,155.131,157.83,152.104,153.383,40501000.517547
2021-04-20,152.994,154.731,149.406,151.484,33462208.923668
2021-04-21,150.964,153.383,150.794,153.363,21709431.873635
2021-04-22,153.513,154.152,147.617,148.277,27819285.764769
2021-04-23,149.116,153.113,148.777,152.424,22810557.126618
2021-04-26,151.624,154.551,151.024,154.541,19808658.69451
2021-04-27,155.541,156.47,153.303,153.583,16481388.680499
2021-04-28,153.413,155.081,151.934,152.534,20972272.68851
2021-04-29,153.762,154.122,150.494,153.014,17344997.472353
2021-04-30,151.514,153.413,149.745,149.875,20220561.385657
2021-05-03,151.024,152.244,147.657,148.147,20421029.542106
2021-05-04,146.159,146.169,139.902,143.3,40591805.892299
2021-05-05,146.867,147.917,143.67,144.369,29245047.037692
2021-05-06,144.739,145.499,141.972,145.019,19366396.809126
2021-05-07,147.857,149.486,146.508,147.897,22966298.11178
2021-05-10,147.647,147.837,142.292,142.452,26929738.155818
2021-05-11,138.055,143.34,137.305,142.851,28600335.481992
2021-05-12,139.902,142.392,136.895,137.385,30385340.214729
2021-05-13,140.142,140.612,134.398,136.455,28614570.35735
2021-05-14,138.705,143.07,137.295,142.222,25899350.946269
2021-05-17,141.372,141.492,138.345,141.462,21729842.467204
2021-05-18,142.462,143.83,139.842,139.962,18652685.538065
2021-05-19,135.466,140.592,135.236,140.462,34450284.807622
2021-05-20,142.811,146.617,142.502,145.909,32206261.387406
2021-05-21,151.414,151.994,148.467,149.696,67397702.433878
2021-05-24,151.894,157.21,151.534,155.881,55562826.66092
2021-05-25,157.42,157.94,154.581,156.241,43604417.509213
2021-05-26,157.1,157.7,155.621,156.76,37098083.709846
2021-05-27,156.76,157.26,154.362,154.641,58232628.373156
2021-05-28,154.771,162.526,154.771,162.197,64547897.200048
2021-06-01,162.456,163.634,158.788,162.406,47349501.730732
2021-06-02,162.276,168.941,162.107,167.532,59503721.480543
2021-06-03,166.762,172.339,165.584,169.451,58085573.023764
2021-06-04,170.869,176.356,170.709,175.526,61802353.621488
2021-06-07,175.456,177.863,171.679,175.936,57659763.708042
2021-06-08,175.016,175.966,172.259,174.316,32432075.908324
2021-06-09,174.946,175.536,172.349,173.367,38212851.385555
2021-06-10,173.287,174.706,171.549,174.036,28812559.61994
2021-06-11,174.586,179.173,174.226,178.033,41682143.903895
2021-06-14,178.843,180.182,176.416,179.973,32177091.101485
2021-06-15,178.933,179.943,177.065,177.664,24333038.292949
2021-06-16,177.694,179.333,175.626,177.883,30750164.938594
2021-06-17,177.534,188.126,177.344,186.348,81065413.481815
2021-06-18,187.616,193.521,185.619,186.168,97005002.230468
2021-06-21,184.129,185.139,178.013,184.049,67321198.98571
2021-06-22,184.499,189.416,183.639,188.646,58086156.469513
2021-06-23,189.855,191.304,188.856,190.344,33276723.213717
2021-06-24,192.053,193.971,190.654,191.833,32131847.535677
2021-06-25,192.573,193.233,188.716,190.085,27870948.23458
2021-06-28,193.383,200.547,192.963,199.608,49604801.766214
2021-06-29,198.578,200.747,196.34,200.028,36808757.666512
2021-06-30,199.748,201.375,198.398,199.778,32696921.248549
2021-07-01,201.006,204.304,199.948,201.875,48072752.28975
2021-07-02,204.144,204.794,202.635,204.614,34382049.676398
2021-07-06,207.111,208.151,203.255,206.712,44725880.29995
2021-07-07,208.271,208.481,203.075,203.475,41894369.042607
2021-07-08,198.318,201.086,196.78,198.788,50392084.245229
2021-07-09,199.378,200.557,197.309,200.257,29698876.760834
2021-07-12,202.155,205.074,201.635,204.864,32238215.800383
2021-07-13,203.754,204.354,200.897,202.255,29106510.196389
2021-07-14,203.335,203.934,197.299,198.188,38056831.187075
2021-07-15,197.888,198.238,188.366,189.436,55124401.706926
2021-07-16,190.075,191.344,180.512,181.392,68907202.682867
2021-07-19,178.933,190.194,178.443,187.576,74998323.261865
2021-07-20,187.076,188.156,181.422,185.898,43522302.774055
2021-07-21,188.526,195.041,187.196,193.871,37147525.483059
2021-07-22,196.191,198.628,192.533,195.711,32422560.638716
2021-07-23,196.33,196.77,192.273,195.351,19591346.669448
2021-07-26,192.883,194.191,188.916,192.713,20419485.362362
2021-07-27,192.423,195.991,187.186,191.853,24916971.414294
2021-07-28,192.963,196.23,189.725,194.801,20244069.345594
2021-07-29,194.961,198.288,193.053,196.39,19101633.531595
2021-07-30,193.951,196.071,192.403,194.761,18372393.396577
2021-08-02,196.77,199.368,193.383,197.269,21771234.090151
2021-08-03,197.169,201.975,191.973,197.918,30218323.615065
2021-08-04,199.658,202.935,198.048,202.495,23159487.707454
2021-08-05,204.744,207.061,203.175,206.102,21169631.469416
2021-08-06,204.984,205.433,201.855,203.415,17871691.863658
2021-08-09,204.204,204.824,201.186,202.705,14662382.971224
2021-08-10,202.975,204.044,198.108,199.118,17945899.557884
2021-08-11,200.187,200.247,194.071,196.76,18615431.075883
2021-08-12,198.458,200.048,195.971,198.808,15204898.449743
2021-08-13,198.808,201.895,198.278,201.635,18328879.15196
2021-08-16,201.106,202.625,194.301,199.258,21141339.854795
2021-08-17,196.62,197.468,192.443,194.351,20483734.448272
2021-08-18,194.771,196.101,189.775,190.174,28626635.575104
2021-08-19,194.701,204.694,187.396,197.748,76750084.596849
2021-08-20,199.668,208.381,199.088,207.891,67657529.94051
2021-08-23,209.44,219.693,209.23,219.303,57651723.565423
2021-08-24,217.253,219.313,215.076,217.653,29766583.488361
2021-08-25,217.093,224.419,216.944,221.85,34813016.932755
2021-08-26,221.72,223.12,217.623,220.401,23823408.939227
2021-08-27,221.56,226.937,221.39,226.077,30509826.321355
2021-08-30,228.016,230.144,225.227,226.597,26290396.702844
2021-08-31,226.707,226.707,220.96,223.61,26012451.354291
2021-09-01,224.608,226.727,223.33,224.169,20198035.175769
2021-09-02,224.937,225.687,222.71,223.72,18830852.656658
2021-09-03,223.01,229.614,221.76,228.186,28112900.084319
2021-09-07,228.086,228.745,224.987,226.377,19831668.273688
2021-09-08,224.887,225.857,219.533,223.15,25470331.177781
2021-09-09,222.88,225.137,221.07,221.53,19706421.585983
2021-09-10,223.25,226.017,222.46,224.539,24863843.825141
2021-09-13,226.597,229.394,218.343,221.28,29781454.84999
2021-09-14,222.51,223.859,220.621,222.18,19996587.270798
2021-09-15,222.85,223.43,219.423,223.17,16671414.859342
2021-09-16,221.6,222.53,219.033,222.18,15619846.467501
2021-09-17,222.76,222.97,218.063,218.763,29481432.634847
2021-09-20,211.228,214.096,206.392,210.898,34981003.273295
2021-09-21,213.936,214.016,209.27,212.228,20490458.585472
2021-09-22,213.427,219.363,211.728,219.173,26900978.183374
2021-09-23,221.16,225.107,218.663,224.578,24881779.527908
2021-09-24,220.461,221.25,218.373,220.571,21788565.331114
2021-09-27,216.875,217.753,213.018,216.365,24547449.1015
2021-09-28,211.908,213.956,206.282,206.762,34343179.980187
2021-09-29,209.17,209.94,204.454,204.954,21862461.787557
2021-09-30,207.461,210.428,206.652,206.931,22124287.82105
2021-10-01,207.271,208.361,201.825,207.191,24123283.041215
2021-10-04,204.824,205.204,195.351,197.119,34600054.230548
2021-10-05,199.298,206.252,198.338,204.294,27957703.515086
2021-10-06,200.996,206.971,200.597,206.772,29751609.047979
2021-10-07,210.688,212.988,209.49,210.518,25719066.209829
2021-10-08,210.778,211.828,207.521,208.081,15141789.234688
2021-10-11,205.523,210.398,204.894,206.722,16356034.910983
2021-10-12,208.051,210.339,205.064,206.482,16230502.004608
2021-10-13,208.951,209.67,206.902,209.16,18084295.291381
2021-10-14,212.648,217.313,210.988,217.223,24384643.719179
2021-10-15,217.863,219.073,216.385,218.383,22723409.546397
2021-10-18,217.253,222.67,216.205,221.98,18969398.504841
2021-10-19,222.52,223.55,220.132,222.66,16164407.508816
2021-10-20,222.81,224.089,219.583,220.791,14643065.212575
2021-10-21,220.731,226.867,220.591,226.677,18778872.944475
2021-10-22,227.986,231.053,225.367,227.017,24964754.920602
2021-10-25,229.484,233.302,227.456,231.413,23047834.405011
2021-10-26,239.637,252.327,238.987,246.912,48641221.596837
2021-10-27,244.482,250.639,242.565,244.253,24625006.354768
2021-10-28,248.519,249.239,244.972,249.149,23445201.991425
2021-10-29,249.739,256.824,249.739,255.405,29281220.674129
2021-11-01,256.224,258.672,252.008,258.002,26602081.828381
2021-11-02,257.952,266.497,257.732,263.739,29442346.773487
2021-11-03,266.417,267.555,262.08,265.697,24016407.388868
2021-11-04,271.752,313.321,270.893,297.693,115485129.9354
2021-11-05,301.549,313.671,293.786,297.203,85216049.542467
2021-11-08,301.169,310.673,298.752,307.715,50363303.256729
2021-11-09,322.483,322.753,299.321,306.246,64743024.275944
2021-11-10,293.246,308.174,287.47,294.276,63687861.137738
2021-11-11,304.358,305.576,297.453,303.578,33252343.587832
2021-11-12,299.781,306.476,295.983,303.578,41349115.472203
2021-11-15,305.196,306.116,292.156,299.931,38531609.915129
2021-11-16,297.273,303.578,296.743,301.709,26476340.762972
2021-11-17,303.858,304.767,287.689,292.296,42896120.374518
2021-11-18,323.323,327.25,312.881,316.418,78253753.390642
2021-11-19,322.094,330.527,318.716,329.498,53443130.225762
2021-11-22,334.813,346.105,318.666,319.225,75513306.706078
2021-11-23,315.018,323.253,308.474,317.128,53272554.907258
2021-11-24,314.281,328.199,308.954,326.39,43562251.294481
2021-11-26,325.651,326.75,313.171,314.698,28336825.161714
2021-11-29,323.313,333.765,320.025,333.405,45544517.733959
2021-11-30,331.337,333.176,318.307,326.41,62272440.7652
2021-12-01,331.886,332.586,313.511,314.061,48625631.686241
2021-12-02,311.851,324.472,309.963,320.965,47333253.317044
2021-12-03,319.705,320.995,301.02,306.646,54483405.990106
2021-12-06,298.522,302.129,280.116,300.091,65955463.572178
2021-12-07,309.284,324.182,306.226,323.962,59360805.293446
2021-12-08,319.695,322.593,313.921,317.967,47599614.815604
2021-12-09,317.048,321.754,303.998,304.617,48896397.54971
2021-12-10,311.211,312.761,298.332,301.699,48928219.861762
2021-12-13,302.209,302.659,280.896,281.344,59890317.837803
2021-12-14,276.728,286.511,272.241,283.104,66765912.75041
2021-12-15,283.733,304.717,278.117,304.308,69894987.344328
2021-12-16,311.231,311.311,280.666,283.603,70802741.863248
2021-12-17,279.586,288.949,277.338,277.747,71729251.711125
2021-12-20,272.791,281.175,271.193,276.928,46227863.806193
2021-12-21,283.473,290.928,273.751,290.479,52487530.153131
2021-12-22,288.639,295.274,284.223,293.726,39555392.078462
2021-12-23,297.273,300.31,294.036,296.123,34334250.157857
2021-12-27,296.323,310.573,296.123,309.164,40406336.19458
2021-12-28,312.831,313.011,299.841,302.938,42098450.959947
2021-12-29,302.439,305.196,293.386,299.731,34346015.146236
2021-12-30,297.992,304.288,295.124,295.583,30915304.10391
2021-12-31,296.463,300.021,293.036,293.836,26677914.764281
2022-01-03,297.872,306.826,297.573,300.93,39276988.379733
2022-01-04,302.489,304.398,283.224,292.626,52764734.935895
2022-01-05,289.219,293.886,275.07,275.779,49852962.359394
2022-01-06,276.139,284.113,270.394,281.514,45461109.010203
2022-01-07,281.145,283.953,270.314,272.211,41032185.339513
2022-01-10,265.557,274.43,256.194,273.741,59523704.747636
2022-01-11,272.971,280.386,268.134,277.907,40446716.04454
2022-01-12,280.406,285.682,275.819,279.726,38377201.948384
2022-01-13,283.533,284.532,264.727,265.497,53937199.691822
2022-01-14,262.949,271.712,261.86,269.164,39620249.629235
2022-01-18,262.36,266.127,257.463,258.792,42570388.517365
2022-01-19,260.551,265.187,250.289,250.439,48877113.817055
2022-01-20,252.807,255.555,240.555,241.275,43558767.632985
2022-01-21,234.85,248.001,232.413,233.522,71963015.305086
2022-01-24,223.09,233.582,208.681,233.502,91666701.801477
2022-01-25,225.247,229.215,219.793,223.03,66523785.76687
2022-01-26,232.183,240.347,222.79,227.506,75666563.793558
2022-01-27,235.46,239.727,216.545,219.233,57388886.759705
2022-01-28,219.912,228.366,212.758,228.186,54428273.869501
2022-01-31,231.603,244.862,230.304,244.632,56520772.525722
2022-02-01,250.808,251.218,238.678,246.152,51941042.640002
2022-02-02,257.702,257.932,245.302,252.187,54392756.734627
2022-02-03,244.352,250.539,237.578,239.257,41056134.636629
2022-02-04,239.497,246.122,236.1,242.965,35516031.031241
2022-02-07,243.494,251.588,241.795,247.052,37721991.371496
2022-02-08,243.365,252.068,239.577,250.848,41074237.467082
2022-02-09,255.985,266.997,253.296,266.797,52477192.25504
2022-02-10,259.712,268.994,255.765,258.002,51367961.80974
2022-02-11,258.922,261.28,237.508,239.267,60603816.946773
2022-02-14,239.117,248.519,237.328,242.445,44083627.62282
2022-02-15,249.259,265.197,247.611,264.697,70240901.620727
2022-02-16,262.35,265.567,255.285,264.857,73336146.368849
2022-02-17,256.064,257.613,241.425,244.842,81135307.880709
2022-02-18,246.442,249.629,230.783,236.2,76196676.796661
2022-02-22,230.134,240.416,229.784,233.682,63401476.341499
2022-02-23,237.798,241.325,222.8,223.66,56704052.550543
2022-02-24,209.95,237.778,208.701,237.258,73648869.287253
2022-02-25,236.989,241.945,233.592,241.345,52936005.785781
2022-02-28,239.697,246.422,236.849,243.624,47776495.951715
2022-03-01,242.685,243.544,231.103,234.55,41244130.264143
2022-03-02,237.378,243.904,233.971,242.015,38993976.160122
2022-03-03,242.43,243.074,234.51,236.959,36537418.36494
2022-03-04,233.662,236.619,224.648,229.185,43234100.589343
2022-03-07,227.996,230.154,213.137,213.357,45116557.775159
2022-03-08,212.928,223.56,206.342,214.976,55789341.717041
2022-03-09,223.7,232.023,222.3,229.964,49311868.96734
2022-03-10,225.137,227.706,218.653,226.407,42839293.959484
2022-03-11,230.044,231.273,220.292,220.831,36748932.960801
2022-03-14,218.523,222.45,211.428,213.137,38564887.338878
2022-03-15,215.016,230.204,213.057,229.554,49237185.909939
2022-03-16,234.82,245.782,231.543,244.772,67193509.431668
2022-03-17,241.015,248.229,238.877,247.471,47230202.586913
2022-03-18,247.801,265.487,246.052,264.327,73127725.136298
2022-03-21,264.867,271.313,259.472,267.136,59217950.152989
2022-03-22,267.067,272.171,260.521,265.037,54742532.961533
2022-03-23,261.06,265.912,255.555,256.144,50250376.981743
2022-03-24,261.46,282.984,258.872,281.285,87804996.48215
2022-03-25,278.647,283.364,272.501,276.708,57945888.305492
2022-03-28,277.343,282.284,271.852,281.974,42581924.330655
2022-03-29,286.726,289.239,279.586,286.341,48935826.67332
2022-03-30,282.824,284.737,274.82,276.688,46384150.208052
2022-03-31,277.607,282.264,272.491,272.651,52384043.089646
2022-04-01,273.541,274.75,262.469,266.917,51763057.660562
2022-04-04,267.077,275.37,265.927,273.391,39801189.866473
2022-04-05,272.331,272.981,258.002,259.112,43694855.603366
2022-04-06,249.149,252.807,239.847,243.884,70437069.491785
2022-04-07,244.223,247.032,234.6,241.895,55841898.870386
2022-04-08,238.987,239.047,230.444,231.013,52518187.575215
2022-04-11,221.97,223.029,216.435,219.003,57564663.051721
2022-04-12,225.197,227.077,212.658,214.876,66276441.797585
2022-04-13,217.113,224.827,214.386,221.86,51733868.360115
2022-04-14,224.877,227.596,211.468,212.418,56953196.895305
2022-04-18,211.838,220.711,210.628,217.663,52610254.9141
2022-04-19,217.033,223.56,212.978,221.81,51317264.076982
2022-04-20,224.998,226.531,211.838,214.656,46933300.755724
2022-04-21,216.927,223.749,199.848,201.675,65671116.332619
2022-04-22,202.875,204.704,194.851,195.001,62519107.216866
2022-04-25,191.873,199.298,190.814,198.868,64205613.697539
2022-04-26,197.029,197.728,186.558,187.736,65364187.841122
2022-04-27,185.838,191.523,182.76,184.009,49984204.627686
2022-04-28,189.526,200.217,184.755,197.668,57076276.927699
2022-04-29,193.871,201.131,185.029,185.329,50081753.154167
2022-05-02,185.264,195.591,183.769,195.181,57248605.585743
2022-05-03,193.851,198.098,191.184,195.871,47611458.864386
2022-05-04,199.078,203.844,187.366,203.185,64935072.999999
2022-05-05,198.518,199.098,184.859,188.296,62681028.924063
2022-05-06,187.216,194.971,179.763,186.608,63378092.476369
2022-05-09,180.202,182.41,168.141,169.371,64494724.576487
2022-05-10,176.755,181.841,170.119,175.816,76205649.651868
2022-05-11,173.337,177.394,165.554,166.173,67067942.499297
2022-05-12,162.068,167.752,155.551,161.627,70927024.814665
2022-05-13,167.752,179.147,165.799,176.925,67094911.103146
2022-05-16,174.956,177.744,170.929,172.509,52184466.614435
2022-05-17,180.602,183.569,176.206,181.632,58627762.253031
2022-05-18,176.915,181.042,168.511,169.251,54557787.817368
2022-05-19,169.241,176.735,167.212,171.109,62178462.966735
2022-05-20,173.188,173.966,157.43,166.812,73967036.364961
2022-05-23,162.616,169.021,161.667,168.851,64037793.483918
2022-05-24,164.974,165.844,157.68,161.417,58900001.241959
2022-05-25,160.077,170.979,159.877,169.621,78172913.629557
2022-05-26,160.237,180.782,160.097,178.373,99733647.899129
2022-05-27,181.722,188.666,180.862,187.966,73894389.863477
2022-05-31,189.655,191.853,183.359,186.578,66460726.590044
2022-06-01,187.096,190.386,181.082,183.06,54493022.336936
2022-06-02,182.78,196.041,181.841,195.771,64915174.797894
2022-06-03,190.669,193.176,185.074,187.056,59923651.304369
2022-06-06,191.244,193.223,185.501,187.716,42272911.246543
2022-06-07,184.579,189.855,181.742,189.116,38921146.51872
2022-06-08,187.886,191.694,185.248,186.377,36345336.295664
2022-06-09,184.708,189.226,180.31,180.38,39579256.88184
2022-06-10,175.903,176.872,168.597,169.647,46590719.54712
2022-06-13,159.911,163.03,155.974,156.384,60448751.731129
2022-06-14,157.223,160.571,154.035,158.273,46993928.425387
2022-06-15,160.861,168.587,159.172,165.179,56424754.421108
2022-06-16,158.512,159.335,153.925,155.924,54605050.55922
2022-06-17,156.394,159.861,153.195,158.712,63068258.693226
2022-06-21,164.654,169.986,163.979,165.569,48335606.052869
2022-06-22,162.171,166.528,161.711,163.509,43823968.19402
2022-06-23,165.094,165.759,158.442,162.161,46393603.589045
2022-06-24,164.909,171.305,163.01,171.165,47241396.216007
2022-06-27,173.025,173.205,166.163,168.597,42820457.492131
2022-06-28,168.907,171.925,159.362,159.732,46211479.918126
2022-06-29,158.053,158.113,151.616,155.334,48261905.313952
2022-06-30,153.525,155.584,148.538,151.506,68644947.270903
2022-07-01,148.918,150.545,143.84,145.15,57792953.708738
2022-07-05,141.672,149.628,140.472,149.558,65256832.452122
2022-07-06,150.017,153.105,147.808,151.216,52935846.888014
2022-07-07,154.469,159.362,153.805,158.492,49317536.826208
2022-07-08,154.215,160.281,153.805,158.293,46823057.974813
2022-07-11,155.174,155.184,150.297,151.436,43863118.83498
2022-07-12,152.596,154.225,148.688,150.736,45873667.18832
2022-07-13,145.82,153.665,144.57,151.556,52220699.582253
2022-07-14,150.996,154.644,147.198,153.635,45648716.844473
2022-07-15,156.503,157.733,154.365,157.533,38614891.818145
2022-07-18,162.93,168.877,159.931,160.921,67088829.108991
2022-07-19,164.769,171.005,161.631,169.827,70275453.551689
2022-07-20,169.377,179.226,167.917,177.971,76095841.837137
2022-07-21,178.751,181.34,175.348,180.4,55735736.558693
2022-07-22,178.831,179.571,171.27,173.095,53696769.496592
2022-07-25,170.095,171.145,166.398,170.145,48101339.559415
2022-07-26,168.797,169.097,164.689,165.239,39808495.596131
2022-07-27,170.225,179.261,169.037,177.802,57009135.444328
2022-07-28,179.651,181.3,174.303,179.741,47490879.120504
2022-07-29,178.031,182.339,176.822,181.53,43570125.879811
2022-08-01,181.72,188.356,179.801,184.308,47673255.931348
2022-08-02,181.12,189.271,180.82,185.158,48979766.11963
2022-08-03,181.74,189.575,181.27,188.826,41837683.252556
2022-08-04,188.386,192.634,187.496,192.044,40987883.516142
2022-08-05,187.996,192.183,186.557,189.785,38628181.16398
2022-08-08,174.923,182.289,172.325,177.832,98432727.80346
2022-08-09,172.425,174.375,167.147,170.765,66863224.403439
2022-08-10,176.882,181.08,173.075,180.87,59775287.46614
2022-08-11,181.21,186.966,178.661,179.321,50960824.171873
2022-08-12,181.5,187.076,179.431,186.986,47835856.810823
2022-08-15,186.906,191.534,186.027,190.214,45791867.972878
2022-08-16,189.091,191.314,184.908,188.686,45148920.576433
2022-08-17,185.128,186.776,181.35,183.249,44704621.985363
2022-08-18,182.909,188.546,181.73,187.626,41567632.979213
2022-08-19,184.108,185.098,177.602,178.391,44183255.794304
2022-08-22,174.803,175.483,169.567,170.245,40981924.222074
2022-08-23,169.792,174.553,169.607,171.715,37019039.692835
2022-08-24,170.026,173.963,168.857,172.125,52294977.64029
2022-08-25,168.347,179.371,168.237,179.031,77111757.39595
2022-08-26,178.471,179.141,162.28,162.51,76955280.901798
2022-08-29,160.111,163.289,157.583,157.923,49640633.421505
2022-08-30,159.512,160.301,151.736,154.594,53047391.545585
2022-08-31,153.755,155.314,149.503,150.856,57402716.000432
2022-09-01,142.002,143.72,132.629,139.293,117951713.14334
2022-09-02,140.922,141.632,135.835,136.394,74356847.588399
2022-09-06,137.234,137.714,133.436,134.576,53604748.631017
2022-09-07,135.595,138.345,133.426,137.105,51278861.638773
2022-09-08,134.556,140.044,133.656,139.864,62503298.522699
2022-09-09,141.534,144.703,141.224,143.833,48725304.51326
2022-09-12,143.653,145.433,141.944,145.013,48428310.550857
2022-09-13,137.985,139.184,130.956,131.276,71513854.160304
2022-09-14,132.506,132.866,129.097,131.246,58865710.133572
2022-09-15,130.119,132.296,127.867,129.257,52375912.232352
2022-09-16,127.382,132.086,126.138,131.946,67092300.25564
2022-09-19,130.087,134.596,130.067,133.786,56983102.61742
2022-09-20,132.111,134.793,130.537,131.726,52495201.743133
2022-09-21,132.096,140.274,131.066,132.576,80788603.370928
2022-09-22,130.747,131.456,124.248,125.578,75935638.123811
2022-09-23,124.168,126.078,122.539,125.128,66347900.859963
2022-09-26,124.878,126.558,122.109,122.249,54748272.012864
2022-09-27,125.038,127.327,122.549,124.098,55399575.597345
2022-09-28,124.068,128.197,123.507,127.327,54255264.916013
2022-09-29,124.448,124.968,119.43,122.169,53289942.01454
2022-09-30,120.839,126.298,120.719,121.359,56578313.084051
2022-10-03,123.438,126.748,121.019,125.088,54761853.486609
2022-10-04,128.757,132.166,128.757,131.636,58433112.487698
2022-10-05,129.074,133.176,126.178,132.056,50726047.244958
2022-10-06,132.166,136.525,130.996,131.266,64432168.871536
2022-10-07,125.018,126.668,120.189,120.729,67265020.432429
2022-10-10,120.339,121.212,114.052,116.67,69887800.263093
2022-10-11,115.58,118.43,112.801,115.83,66765239.603054
2022-10-12,115.76,117.32,113.421,114.971,49271621.245163
2022-10-13,109.682,120.749,108.102,119.569,85032049.72087
2022-10-14,120.539,121.079,112.011,112.241,71361451.180062
2022-10-17,115.151,119.449,115.141,118.85,58092275.311479
2022-10-18,123.408,124.888,116.15,119.639,65953074.874979
2022-10-19,118.76,123.468,118.31,120.479,52326444.579968
2022-10-20,121.099,127.657,121.019,121.909,65256451.699067
2022-10-21,120.951,124.948,118.84,124.628,60965034.079473
2022-10-24,125.048,127.067,120.609,125.958,51758978.438662
2022-10-25,126.903,132.966,126.608,132.576,50561165.072902
2022-10-26,128.657,133.846,127.047,128.927,53567029.885544
2022-10-27,136.265,138.345,131.186,131.726,58326226.149287
2022-10-28,131.006,138.465,130.577,138.305,52117323.092784
2022-10-31,137.745,138.345,132.936,134.935,48646541.367942
2022-11-01,138.075,139.214,135.155,135.395,43292763.027427
2022-11-02,138.465,142.064,132.079,132.156,67279992.261786
2022-11-03,130.397,137.775,129.527,134.176,50019279.474354
2022-11-04,139.824,142.254,136.935,141.524,61273262.915428
2022-11-07,142.244,144.083,139.504,142.973,41016585.847622
2022-11-08,147.972,148.872,142.124,145.983,59544428.730014
2022-11-09,141.579,142.074,137.555,137.725,45452991.550944
2022-11-10,147.962,157.69,145.433,157.46,70099854.500389
2022-11-11,158.035,163.848,154.78,163.228,65565516.748902
2022-11-14,162.139,165.358,159.179,162.908,52798749.381775
2022-11-15,167.172,169.937,163.778,166.617,54601515.476818
2022-11-16,161.574,163.578,158.689,159.059,64971301.766022
2022-11-17,157.11,162.618,155.31,156.73,71107543.237808
2022-11-18,159.619,159.979,151.161,154.051,49219753.979027
2022-11-21,151.431,154.73,150.761,153.131,40484285.700753
2022-11-22,153.241,160.535,151.177,160.339,47298704.630574
2022-11-23,160.939,165.228,160.439,165.148,42735023.373874
2022-11-25,163.138,164.828,161.679,162.658,16797726.368996
2022-11-28,160.219,163.528,157.21,158.23,30422982.312488
2022-11-29,158.23,159.279,155.16,156.35,29846082.75839
2022-11-30,156.97,169.3,155.97,169.23,56529822
2022-12-01,169.99,172.65,166.35,171.35,47097657
2022-12-02,166.59,169.3257,164.45,168.76,37138858
2022-12-05,166.79,169.95,164.7201,166.1,35225517
2022-12-06,165.3,165.73,158.19,159.87,35269427
2022-12-07,157.72,161.86,156.67,161.2,37238758
2022-12-08,162.73,171.79,159.59,171.69,51545554
2022-12-09,171.6,175.83,169.75,170.01,46533819
2022-12-12,170.37,175.38,167.97,175.35,45732780
2022-12-13,185.31,187.9,177.11,180.72,65658876
2022-12-14,179.87,182.52,174.2,176.74,49688810
2022-12-15,171.46,173.2,167,169.52,47854210
2022-12-16,168.642,170.41,164.1,165.71,47823193
2022-12-19,165.72,166.09,161.45,162.54,35403877
2022-12-20,160.64,163.1,158.52,160.85,40325979
2022-12-21,161.14,166.27,161.02,165.01,32502538
2022-12-22,160.935,161.38,148.82,153.39,56504527
2022-12-23,151.96,153.39,148.83,152.06,34932563
2022-12-27,150.74,151,140.56,141.21,46490226
2022-12-28,139.27,142.62,138.84,140.36,35106645
2022-12-29,144.02,146.83,142.27,146.03,35492324
2022-12-30,143.34,146.2899,142.33,146.14,31048983
2023-01-03,148.51,149.96,140.96,143.15,40127658
2023-01-04,145.67,148.53,142.41,147.49,43132360
2023-01-05,144.91,145.64,141.4795,142.65,38916811
2023-01-06,144.74,150.1,140.34,148.59,40504362
2023-01-09,152.84,160.56,151.41,156.28,50423056
2023-01-10,155.07,159.6199,154.72,159.09,38410126
2023-01-11,158.3951,160.28,155.63,160.01,35328493
2023-01-12,161,166.37,154.92,165.11,55140906
2023-01-13,162.78,169.22,161.65,168.99,44728706
2023-01-17,168.99,177.28,168.99,177.02,51110216
2023-01-18,176.67,178.73,172.82,173.77,43962355
2023-01-19,170.36,171.97,167.31,167.65,45293160
2023-01-20,170.11,178.56,168.25,178.39,56496712
2023-01-23,180.64,192.45,178.175,191.93,65516259
2023-01-24,188.27,194.95,188.2,192.65,49620410
2023-01-25,189.125,193.7,185.8,193.23,44953711
2023-01-26,197.01,201.66,192.78,198.02,48953542
2023-01-27,194.62,206.28,194.05,203.65,54214198
2023-01-30,199.5,201.4,191.5,191.62,48861115
2023-01-31,191.695,196.87,189.5,195.37,49801658
2023-02-01,196.91,211.92,196.11,209.43,66047704
2023-02-02,210,219.49,207,217.09,56427580
2023-02-03,210,217.4499,207.89,211,42936595
2023-02-06,208.06,215.7,207.86,210.89,45219709
2023-02-07,213.82,222.59,211.5,221.73,66414961
2023-02-08,223.87,228.78,220.0801,222.05,55965122
2023-02-09,226.06,230.2,221.2,223.37,52387578
2023-02-10,216.9,220.7764,208.11,212.65,55073675
2023-02-13,215.38,220.48,209.62,217.88,47491862
2023-02-14,215.78,230.488,213.66,229.71,67547350
2023-02-15,225.49,228.55,221.06,227.64,42118826
2023-02-16,221.33,225.5,219.268,220.02,41202628
2023-02-17,216.31,217.4,209.75,213.88,46588764
2023-02-21,210,214.938,206.18,206.55,41001455
2023-02-22,207.07,211.04,204.21,207.54,51318432
2023-02-23,234.4,238.88,230.25,236.64,111799541
2023-02-24,232.25,234.74,229.47,232.86,58971591
2023-02-27,236.7,238.7994,234.54,235.01,45299367
2023-02-28,233.72,238.25,232.06,232.16,45596280
2023-03-01,231.92,232.5557,225.08,226.98,46002562
2023-03-02,224.88,233.804,224.32,233.14,39007465
2023-03-03,233.2,239,231.3,238.9,41239330
2023-03-06,238.91,242.48,234.87,235.54,43742923
2023-03-07,236,241.25,232.41,232.88,51515388
2023-03-08,234.87,242,234.235,241.81,51357339
2023-03-09,241.75,244.54,233.8284,234.36,50125699
2023-03-10,234.09,236.27,227.26,229.65,47486565
2023-03-13,227.52,232.98,222.97,229.66,42189032
2023-03-14,234.96,242.19,234.6,240.63,47491013
2023-03-15,237.61,242.86,233.6,242.28,52448574
2023-03-16,240.27,255.88,238.94,255.41,58494626
2023-03-17,259.82,263.99,256.68,257.25,84854656
2023-03-20,256.15,260.24,251.2983,259,43274719
2023-03-21,261.8,263.92,253.81,261.99,54740776
2023-03-22,264.25,275.89,262.37,264.68,79729511
2023-03-23,271.155,274.99,266.9,271.91,56488876
2023-03-24,270.31,271.67,263.55,267.79,45541407
2023-03-27,268.37,270,263.65,265.31,36102574
2023-03-28,264.47,265.13,258.5,264.1,35610378
2023-03-29,268.25,270.78,265.97,269.84,39369387
2023-03-30,272.29,274.99,271.02,273.83,36451574
2023-03-31,271.4,278.3431,271.05,277.77,43393277
2023-04-03,275.09,280,273.36,279.65,39871560
2023-04-04,279.66,280,273.07,274.53,36859153
2023-04-05,268.29,269.98,263.95,268.81,51501474
2023-04-06,265.84,270.8,264.27,270.37,39765434
2023-04-10,268.23,276.2099,266.69,275.79,39527855
2023-04-11,277.235,277.9,271.26,271.69,31437817
2023-04-12,273.7,274.6799,264.475,264.95,44625895
2023-04-13,267.34,268.869,263.29,264.63,35361528
2023-04-14,265.04,268.83,262.2,267.58,39566013
2023-04-17,265.655,270.06,264.3318,270.02,32147130
2023-04-18,275.335,281.1,273.57,276.67,60481154
2023-04-19,273.61,280,272.32,279.31,35866041
2023-04-20,276.71,280.3,270,271.04,42771326
2023-04-21,269.52,271.83,267.22,271.19,34510277
2023-04-24,270.13,273.6599,266.7101,270.42,33928186
2023-04-25,270.78,272.47,262.25,262.41,37852716
2023-04-26,270.02,273.3,267.051,269.56,40633681
2023-04-27,273.63,274.95,266.2501,272.26,37716119
2023-04-28,272.25,277.58,270.7148,277.49,29221614
2023-05-01,278.4,290.5844,277.8,289.1,57032853
2023-05-02,286.8,288.3599,280.83,282.1,40272957
2023-05-03,278.4,283.67,274.72,278.02,38338740
2023-05-04,276.51,278.59,272.4,275.62,32185041
2023-05-05,278.255,287.55,277.31,286.8,36149408
2023-05-08,285.22,292.2,283.5,291.51,34497890
2023-05-09,288.99,289.73,284.5,285.71,31486946
2023-05-10,290.05,291.13,284.6128,288.85,36934998
2023-05-11,288.96,289.5,282.46,285.78,32214903
2023-05-12,285.29,287.8,280.46,283.4,27422225
2023-05-15,285.085,289.69,281.52,289.53,29392587
2023-05-16,288.41,298.7,288.32,292.13,44940494
2023-05-17,295.84,301.99,294.3001,301.78,43253541
2023-05-18,304.1,318.28,303.2,316.78,74872501
2023-05-19,315.36,315.8,309.16,312.64,47390765
2023-05-22,309.01,315.2,306.8,311.76,37199967
2023-05-23,310,312.88,306.31,306.88,35625326
2023-05-24,302.1,306.07,298.06,305.38,72141851
2023-05-25,385.23,394.8,366.35,379.8,154391067
2023-05-26,378.9,391.7,375.5,389.46,71439676
2023-05-30,405.95,419.38,399.49,401.11,92340110
2023-05-31,394.88,402.95,378.22,378.34,100258020
2023-06-01,384.89,400.5,383.4,397.7,63587295
2023-06-02,400.97,405,390.5801,393.27,48273121
2023-06-05,389.09,395.6503,387.07,391.71,39609381
2023-06-06,388.3,391.6,381.48,386.54,38872914
2023-06-07,389.15,394.99,373.56,374.75,51199789
2023-06-08,377.24,388.64,375.05,385.1,41777240
2023-06-09,390.37,397.11,385.67,387.7,42771747
2023-06-12,392,395.2999,386.18,394.82,38967335
2023-06-13,401.86,411.01,397.4,410.22,61320816
2023-06-14,408.24,430,405.52,429.97,74046502
2023-06-15,426.02,432.89,421.47,426.53,56862204
2023-06-16,434.5,437.21,426.605,426.92,65570941
2023-06-20,429.98,439.9,426.74,438.08,45115311
2023-06-21,435.01,436.15,420.8,430.45,55160291
2023-06-22,422.53,434.255,422.34,430.25,41773743
2023-06-23,424.64,428.09,420.15,422.09,35813984
2023-06-26,424.42,427.64,401,406.32,59432192
2023-06-27,407.99,419.4,404.48,418.76,46217470
2023-06-28,406.6,418.45,405.18,411.17,58263927
2023-06-29,415.58,416,406,408.22,38051430
2023-06-30,416.8,425.5,415.01,423.02,50114775
2023-07-03,425.17,428.98,422.02,424.13,19820919
2023-07-05,421.35,431.77,420.85,423.17,32361756
2023-07-06,418.44,421.79,413.46,421.03,30413879
2023-07-07,423.22,432.14,421.8,425.03,35588147
2023-07-10,426.57,428.11,416.49,421.8,35390811
2023-07-11,424.81,427.58,420.67,424.05,29824406
2023-07-12,430.33,439.35,427.7728,439.02,48127702
2023-07-13,445.18,461.55,444.92,459.77,47820369
2023-07-14,465.8281,480.88,450.6,454.69,77207533
2023-07-17,462.89,464.96,452.6241,464.61,51048822
2023-07-18,467.01,478.9599,457.34,474.94,57019042
2023-07-19,474.64,478.18,467.42,470.77,42750179
2023-07-20,465.07,470.87,450.62,455.2,53786451
2023-07-21,457.88,458.66,441,443.09,96376863
2023-07-24,447.31,451.09,440.4,446.12,38309974
2023-07-25,449.41,461.825,449.23,456.79,34808091
2023-07-26,460.21,460.53,446.3,454.52,36423726
2023-07-27,465.19,473.95,457.5,459,45597552
2023-07-28,466.68,470.27,463.81,467.5,33119424
2023-07-31,467.54,471.3,465.0601,467.29,25105528
2023-08-01,464.595,469,460.27,465.07,23927597
2023-08-02,458.31,458.4,433.87,442.69,53014157
2023-08-03,438,451.18,438,445.15,32507660
2023-08-04,449.85,456.42,443.93,446.8,36266618
2023-08-07,451.11,455.4,445.6345,454.165,32215354
2023-08-08,448.53,452.42,440.5601,446.64,35384343
2023-08-09,442.74,443.12,421.34,425.54,58644907
2023-08-10,421.6,435.74,418.35,423.88,49270530
2023-08-11,417.51,420.18,406.39,408.55,53308526
2023-08-14,404.86,438,403.11,437.53,69028583
2023-08-15,445.6,452.68,437.1,439.4,67651151
2023-08-16,445.2,446.75,434.06,434.86,52745068
2023-08-17,439.7,440.62,430.01,433.435,45239482
2023-08-18,426.35,435.7799,416.6,432.99,58376787
2023-08-21,444.94,470.65,442.22,469.67,69257337
2023-08-22,481.35,481.87,453.331,456.68,75720691
2023-08-23,458.66,472,452.08,471.16,77904608
2023-08-24,502.16,502.66,471.59,471.63,115604409
2023-08-25,470.12,478.05,450.24,460.18,92534052
2023-08-28,464.82,469.8,448.88,468.35,68519223
2023-08-29,466.66,490.81,463.9101,487.84,70139699
2023-08-30,490.44,499.27,484.25,492.64,73520598
2023-08-31,493.8,497.44,489.58,493.55,52856977
2023-09-01,497.62,498,481.416,485.09,46383030
2023-09-05,482.23,488.5081,478.6,485.48,38265258
2023-09-06,484.41,485.49,465.8,470.61,46866957
2023-09-07,455.25,463.44,451.52,462.41,43332989
2023-09-08,459.42,466.06,452.71,455.72,47389994
2023-09-11,461.48,461.63,443.12,451.78,47396555
2023-09-12,447.38,456.73,445.31,448.7,34925634
2023-09-13,446,459.3,445.03,454.85,39835535
2023-09-14,459.5,459.8699,451.31,455.81,37009720
2023-09-15,453.41,455.99,438.08,439,50683051
2023-09-18,427.48,442.42,420,439.66,50027079
2023-09-19,438.33,439.66,430.02,435.2,37306424
2023-09-20,436,439.03,422.23,422.39,36710769
2023-09-21,415.83,421,409.8,410.17,45073596
2023-09-22,415.72,421.15,412.31,416.1,47923631
2023-09-25,415.91,425.36,411.77,422.22,41909096
2023-09-26,420.01,428.2,416.55,419.11,40228209
2023-09-27,423.3,428.72,416.2901,424.68,44493520
2023-09-28,424.6,434.4631,421.15,430.89,42466279
2023-09-29,438.27,441.44,433.0694,434.99,39782993
2023-10-02,440.3,451.75,438.61,447.82,43329821
2023-10-03,448.08,451.3,432.46,435.17,47084954
2023-10-04,437.42,441.43,432.9201,440.41,36182086
2023-10-05,440.5,449,438.88,446.88,39348309
2023-10-06,441.93,457.89,440.26,457.62,43443602
2023-10-09,448.42,456.05,443.68,452.73,40967472
2023-10-10,453.1,462.59,450.88,457.98,36858208
2023-10-11,461.96,468.59,460.5,468.06,37813689
2023-10-12,467.77,476.09,463.3,469.45,48132500
2023-10-13,469.6,471.16,452.8,454.61,47542599
2023-10-16,450.63,462.25,449.12,460.95,37509924
2023-10-17,440,447.54,424.8,439.38,81233267
2023-10-18,425.91,432.19,418.25,421.96,62729434
2023-10-19,428.11,432.97,418.82,421.01,50123308
2023-10-20,418.9,424.7,410.78,413.87,47726605
2023-10-23,412.29,432.4799,409.45,429.75,47853049
2023-10-24,430.77,436.97,426.91,436.63,40146337
2023-10-25,433.98,436.5,415.55,417.79,39837922
2023-10-26,418.53,422.5555,398.8019,403.26,54100132
2023-10-27,411.3,412.06,400.15,405,41678441
2023-10-30,410.87,417.66,404.81,411.61,38802814
2023-10-31,404.5,408.79,392.3001,407.8,51796870
2023-11-01,408.84,423.81,408.69,423.25,43759290
2023-11-02,433.28,438.84,428.94,435.06,40917187
2023-11-03,440.2,453.0899,437.23,450.05,42460959
2023-11-06,452.845,459.35,448.99,457.51,40073335
2023-11-07,457.19,462.18,451.575,459.55,34316547
2023-11-08,461,468.67,459.68,465.74,34671894
2023-11-09,474.67,482.3,467.5,469.5,54049597
2023-11-10,475,484.72,472.8301,483.35,42244156
2023-11-13,483.2,491.16,480.9901,486.2,38413570
2023-11-14,496.8,498.34,490.4001,496.56,41695387
2023-11-15,499.35,499.6,482,488.88,47549735
2023-11-16,486.79,495.2469,483.3,494.8,33975624
2023-11-17,495.24,497.17,490.07,492.98,32589691
2023-11-20,493.12,505.48,491.8101,504.09,41614260
2023-11-21,501.26,505.17,492.22,499.44,56574687
2023-11-22,498.52,503.3494,476.9,487.16,90064233
2023-11-24,484.7001,489.21,477.45,477.76,29464464
2023-11-27,478,485.3,476.52,482.42,39566190
2023-11-28,482.36,483.229,474.73,478.21,40149085
2023-11-29,483.79,487.62,478.6,481.4,38200465
2023-11-30,480.24,481.1,464.22,467.7,52624663
2023-12-01,465.25,472,461.87,467.65,36931701
2023-12-04,460.77,460.77,450.1,455.1,43754344
2023-12-05,454.66,466,452.71,465.66,37171762
2023-12-06,472.145,473.87,454.12,455.03,38058955
2023-12-07,457,466.29,456.04,465.96,35082255
2023-12-08,465.95,477.4085,465.5,475.06,35922370
2023-12-11,474.91,475.31,458.3,466.27,50972809
2023-12-12,460.46,476.66,460.46,476.57,37238686
2023-12-13,476.29,485.94,476.08,480.88,44779186
2023-12-14,483.9,486.7,474.22,483.5,39123174
2023-12-15,481.94,494.04,481.2,488.9,47994758
2023-12-18,494,504.3299,491.5,500.77,41258717
2023-12-19,494.24,497,488.95,496.04,46444446
2023-12-20,496.55,499.99,480.98,481.11,39789439
2023-12-21,488.11,490.95,484.19,489.9,30042535
2023-12-22,491.95,493.83,484.67,488.3,25250676
2023-12-26,489.68,496,489.6,492.79,24419952
2023-12-27,495.11,496.8,490.85,494.17,23364798
2023-12-28,496.43,498.8399,494.12,495.22,24658748
2023-12-29,498.13,499.97,487.51,495.22,38929330
2024-01-02,492.44,492.95,475.95,481.68,41125422
2024-01-03,474.85,481.841,473.2,475.69,32089617
2024-01-04,477.67,485,475.08,479.98,30653489
2024-01-05,484.62,495.47,483.0601,490.97,41503927
2024-01-08,495.12,522.75,494.79,522.53,64250990
2024-01-09,524.01,543.25,516.9,531.4,77310006
2024-01-10,536.16,546,534.89,543.5,53379576
2024-01-11,549.99,553.46,535.6,548.22,59675877
2024-01-12,546.2,549.7,543.3008,547.1,35299360
2024-01-16,550.18,568.3499,549,563.82,44957973
2024-01-17,563.47,564.7068,547.4,560.53,47439444
2024-01-18,572.6,576,561.07,571.07,49165036
2024-01-19,579.89,595,572.25,594.91,54350148
2024-01-22,600.49,603.31,590.7,596.54,45295463
